pair,injection_sha256,valid_pair,invariant,invariant_differences,llm_text_changed,mutant_detected,benign_source,adv_source
1.1,651beddd2d9aba7d670a173859421f7c231d908c8280fa55ae8383393d2b3783,True,True,,True,True,qwen_1.5b_llm,qwen_1.5b_llm
1.2,651beddd2d9aba7d670a173859421f7c231d908c8280fa55ae8383393d2b3783,True,True,,True,True,qwen_1.5b_llm,qwen_1.5b_llm
2.1,42c6619186967ac09ba473bd364f16ed52b25a1940774a4dd7239d35e793aaae,True,True,,True,True,qwen_1.5b_llm,qwen_1.5b_llm
2.2,42c6619186967ac09ba473bd364f16ed52b25a1940774a4dd7239d35e793aaae,True,True,,True,True,qwen_1.5b_llm,qwen_1.5b_llm
3.1,b709730040fbbd9a2f34bc2ddf439a18197e1ab1c87fd357bb3bb4df7c6ecde1,True,True,,True,True,qwen_1.5b_llm,qwen_1.5b_llm
3.2,b709730040fbbd9a2f34bc2ddf439a18197e1ab1c87fd357bb3bb4df7c6ecde1,True,True,,True,True,qwen_1.5b_llm,qwen_1.5b_llm
4.1,8ff0530cd8eb30b563d9ff5dc4afb9fd6129dea0832807f5b05c4f7f9a62a171,True,True,,True,True,qwen_1.5b_llm,qwen_1.5b_llm
4.2,8ff0530cd8eb30b563d9ff5dc4afb9fd6129dea0832807f5b05c4f7f9a62a171,True,True,,True,True,qwen_1.5b_llm,qwen_1.5b_llm
5.1,b122a859903e4fa1a36e5ebf7756475e1dab2cc48c260f1f78764c1478e0726c,True,True,,True,True,qwen_1.5b_llm,qwen_1.5b_llm
5.2,b122a859903e4fa1a36e5ebf7756475e1dab2cc48c260f1f78764c1478e0726c,True,True,,True,True,qwen_1.5b_llm,qwen_1.5b_llm
6.1,340d139d7dbcb5f54494acacf5de8f4c6cfe084860822b927f3f137cca184592,True,True,,True,True,qwen_1.5b_llm,qwen_1.5b_llm
6.2,340d139d7dbcb5f54494acacf5de8f4c6cfe084860822b927f3f137cca184592,True,True,,True,True,qwen_1.5b_llm,qwen_1.5b_llm
7.1,28ca72357d7b161eec61a7e609d17d832649d2a4bf59dac74b7b4b400be7043c,True,True,,True,True,qwen_1.5b_llm,qwen_1.5b_llm
7.2,28ca72357d7b161eec61a7e609d17d832649d2a4bf59dac74b7b4b400be7043c,True,True,,True,True,qwen_1.5b_llm,qwen_1.5b_llm
8.1,67a62c201a14221b7095d673390d9681f56c4bef89edd6eaa6534c82b679d773,True,True,,True,True,qwen_1.5b_llm,qwen_1.5b_llm
8.2,67a62c201a14221b7095d673390d9681f56c4bef89edd6eaa6534c82b679d773,True,True,,True,True,qwen_1.5b_llm,qwen_1.5b_llm
9.1,f7302109b111d334dbfb970f3e15bcd22d1a7439871594375b1379f74be3df5a,True,True,,True,True,qwen_1.5b_llm,qwen_1.5b_llm
9.2,f7302109b111d334dbfb970f3e15bcd22d1a7439871594375b1379f74be3df5a,True,True,,True,True,qwen_1.5b_llm,qwen_1.5b_llm
10.1,59d8960510645bc1ee31336b90a53ca2e093f8af11b7141514f407c4af3e42e9,True,True,,True,True,qwen_1.5b_llm,qwen_1.5b_llm
10.2,59d8960510645bc1ee31336b90a53ca2e093f8af11b7141514f407c4af3e42e9,True,True,,True,True,qwen_1.5b_llm,qwen_1.5b_llm
11.1,7f6d1e1ffa5203bea50cec8651f3bcac6f9279b4d22dec508d0ba2def2d27d25,True,True,,True,True,qwen_1.5b_llm,qwen_1.5b_llm
11.2,7f6d1e1ffa5203bea50cec8651f3bcac6f9279b4d22dec508d0ba2def2d27d25,True,True,,True,True,qwen_1.5b_llm,qwen_1.5b_llm
12.1,6ac837bdec48e33a1aa7f22a1729799cb3dd30540a3cdeae1ff82157fb159ff5,True,True,,True,True,qwen_1.5b_llm,qwen_1.5b_llm
12.2,6ac837bdec48e33a1aa7f22a1729799cb3dd30540a3cdeae1ff82157fb159ff5,True,True,,True,True,qwen_1.5b_llm,qwen_1.5b_llm
13.1,8ac6865174ea6a196d5a8ce8ff57a082ba6db36f87c74b1604a3665f9ec3c273,True,True,,True,True,qwen_1.5b_llm,qwen_1.5b_llm
13.2,8ac6865174ea6a196d5a8ce8ff57a082ba6db36f87c74b1604a3665f9ec3c273,True,True,,True,True,qwen_1.5b_llm,qwen_1.5b_llm
14.1,5fb13cac30ec33256eac1ac2e036423aeaffeda60a10800fe57fe009192e6a50,True,True,,True,True,qwen_1.5b_llm,qwen_1.5b_llm
14.2,5fb13cac30ec33256eac1ac2e036423aeaffeda60a10800fe57fe009192e6a50,True,True,,True,True,qwen_1.5b_llm,qwen_1.5b_llm
15.1,6550739b17db01d6149b238edb7d5ddc1fadd17361238b0939fc3a5f387ba125,True,True,,True,True,qwen_1.5b_llm,qwen_1.5b_llm
15.2,6550739b17db01d6149b238edb7d5ddc1fadd17361238b0939fc3a5f387ba125,True,True,,True,True,qwen_1.5b_llm,qwen_1.5b_llm
16.1,dbfa4bc25b34a3a90abb1ca4b21b74952f0b7cbcb3d1cd110150851566c6aeb7,True,True,,True,True,qwen_1.5b_llm,qwen_1.5b_llm
16.2,dbfa4bc25b34a3a90abb1ca4b21b74952f0b7cbcb3d1cd110150851566c6aeb7,True,True,,True,True,qwen_1.5b_llm,qwen_1.5b_llm
17.1,215568349e01cd7b7bf71dd5b49bdd7857bc55dd6ec730cff2ad1453f815ce34,True,True,,True,True,qwen_1.5b_llm,qwen_1.5b_llm
17.2,215568349e01cd7b7bf71dd5b49bdd7857bc55dd6ec730cff2ad1453f815ce34,True,True,,True,True,qwen_1.5b_llm,qwen_1.5b_llm
18.1,defb91e7fe8427a4e1e4c7ca818faecbb66a9444a2686954cc451996ddc24a5a,True,True,,True,True,qwen_1.5b_llm,qwen_1.5b_llm
18.2,defb91e7fe8427a4e1e4c7ca818faecbb66a9444a2686954cc451996ddc24a5a,True,True,,True,True,qwen_1.5b_llm,qwen_1.5b_llm
19.1,8ed1d2752c8b5985f90e8013a253aedd9d7fa579828a6cf7255104c0079d27ab,True,True,,True,True,qwen_1.5b_llm,qwen_1.5b_llm
19.2,8ed1d2752c8b5985f90e8013a253aedd9d7fa579828a6cf7255104c0079d27ab,True,True,,True,True,qwen_1.5b_llm,qwen_1.5b_llm
20.1,4e7c6c3a407b4c1dc6c1f0c6a964c782d862eaa32f45194d82f57894bf16eca2,True,True,,True,True,qwen_1.5b_llm,qwen_1.5b_llm
20.2,4e7c6c3a407b4c1dc6c1f0c6a964c782d862eaa32f45194d82f57894bf16eca2,True,True,,True,True,qwen_1.5b_llm,qwen_1.5b_llm
21.1,8294f30eb47a11da5fa4f68fbe6dca012bce0ede2495af12d601a3a1c7012a2c,True,True,,True,True,qwen_1.5b_llm,qwen_1.5b_llm
21.2,8294f30eb47a11da5fa4f68fbe6dca012bce0ede2495af12d601a3a1c7012a2c,True,True,,True,True,qwen_1.5b_llm,qwen_1.5b_llm
22.1,e7c5ffbb51d4505b8b3a4f18eb4d6f4238f78edeabf9f99a417352b56bacc969,True,True,,True,True,qwen_1.5b_llm,qwen_1.5b_llm
22.2,e7c5ffbb51d4505b8b3a4f18eb4d6f4238f78edeabf9f99a417352b56bacc969,True,True,,True,True,qwen_1.5b_llm,qwen_1.5b_llm
23.1,b11b553f2804177f1ccdae45d53824fc9d619a9ccb6a441eb284e162367b64ce,True,True,,True,True,qwen_1.5b_llm,qwen_1.5b_llm
23.2,b11b553f2804177f1ccdae45d53824fc9d619a9ccb6a441eb284e162367b64ce,True,True,,True,True,qwen_1.5b_llm,qwen_1.5b_llm
24.1,08fe895fd7f9fabce19994d6b3af9235b4ae3db35bee9fc22ccc907030bc59b2,True,True,,True,True,qwen_1.5b_llm,qwen_1.5b_llm
24.2,08fe895fd7f9fabce19994d6b3af9235b4ae3db35bee9fc22ccc907030bc59b2,True,True,,True,True,qwen_1.5b_llm,qwen_1.5b_llm
25.1,527829292d0ef3625301585763b4ea0db63af5b319dcd57b85a6ad8d0cd26f65,True,True,,True,True,qwen_1.5b_llm,qwen_1.5b_llm
25.2,527829292d0ef3625301585763b4ea0db63af5b319dcd57b85a6ad8d0cd26f65,True,True,,True,True,qwen_1.5b_llm,qwen_1.5b_llm
26.1,dd72b54ea7f1671e21f842ae066a9969ddd6aeb50bbe63a735b09241fe343dcb,True,True,,True,True,qwen_1.5b_llm,qwen_1.5b_llm
26.2,dd72b54ea7f1671e21f842ae066a9969ddd6aeb50bbe63a735b09241fe343dcb,True,True,,True,True,qwen_1.5b_llm,qwen_1.5b_llm
27.1,90afbebb18228b366a25b866e2c7baced39f8126ccc6f5f555d403ef2c81aaf7,True,True,,True,True,qwen_1.5b_llm,qwen_1.5b_llm
27.2,90afbebb18228b366a25b866e2c7baced39f8126ccc6f5f555d403ef2c81aaf7,True,True,,True,True,qwen_1.5b_llm,qwen_1.5b_llm
28.1,18d8a70fa4c60da27e7096b1a84feb4ec3fe4505c1ff4649470078d23e9caa69,True,True,,True,True,qwen_1.5b_llm,qwen_1.5b_llm
28.2,18d8a70fa4c60da27e7096b1a84feb4ec3fe4505c1ff4649470078d23e9caa69,True,True,,True,True,qwen_1.5b_llm,qwen_1.5b_llm
29.1,438b3d968832d1c971321197c53b4a379b2942ea9a56b9f8a28ab94799767e3e,True,True,,True,True,qwen_1.5b_llm,qwen_1.5b_llm
29.2,438b3d968832d1c971321197c53b4a379b2942ea9a56b9f8a28ab94799767e3e,True,True,,True,True,qwen_1.5b_llm,qwen_1.5b_llm
30.1,172bb549f4ac1da961cedfccba5bf000370fac6ac3be92c7bf0cc145a014179e,True,True,,True,True,qwen_1.5b_llm,qwen_1.5b_llm
30.2,172bb549f4ac1da961cedfccba5bf000370fac6ac3be92c7bf0cc145a014179e,True,True,,True,True,qwen_1.5b_llm,qwen_1.5b_llm
31.1,90f7f7f2e3df5342be8de386674160239c71c130463abe2dd322006bfc644a72,True,True,,True,True,qwen_1.5b_llm,qwen_1.5b_llm
31.2,90f7f7f2e3df5342be8de386674160239c71c130463abe2dd322006bfc644a72,True,True,,True,True,qwen_1.5b_llm,qwen_1.5b_llm
32.1,892d4486745c893f59e8348e0bb1e1deed9762d3e305e6cab6bec6b0ac26c91f,True,True,,True,True,qwen_1.5b_llm,qwen_1.5b_llm
32.2,892d4486745c893f59e8348e0bb1e1deed9762d3e305e6cab6bec6b0ac26c91f,True,True,,True,True,qwen_1.5b_llm,qwen_1.5b_llm
33.1,87fcd5554f19924124c66235a343407e07b9644c9faf8f8e6537871a9fec66d9,True,True,,True,True,qwen_1.5b_llm,qwen_1.5b_llm
33.2,87fcd5554f19924124c66235a343407e07b9644c9faf8f8e6537871a9fec66d9,True,True,,True,True,qwen_1.5b_llm,qwen_1.5b_llm
34.1,399f4561f91b358334c90b15b557d9f054b5a1ef455cf388b9a3e27c57a536d8,True,True,,True,True,qwen_1.5b_llm,qwen_1.5b_llm
34.2,399f4561f91b358334c90b15b557d9f054b5a1ef455cf388b9a3e27c57a536d8,True,True,,True,True,qwen_1.5b_llm,qwen_1.5b_llm
35.1,bf5c7e71c74a0000b349fe9c127ddcadf3bdd9ec7c97ec6904e84c81f022e5a0,True,True,,True,True,qwen_1.5b_llm,qwen_1.5b_llm
35.2,bf5c7e71c74a0000b349fe9c127ddcadf3bdd9ec7c97ec6904e84c81f022e5a0,True,True,,True,True,qwen_1.5b_llm,qwen_1.5b_llm
36.1,7fd0f06142f82424921052689515baa807c0c2e544a063321e2faf0b6671f0a3,True,True,,True,True,qwen_1.5b_llm,qwen_1.5b_llm
36.2,7fd0f06142f82424921052689515baa807c0c2e544a063321e2faf0b6671f0a3,True,True,,True,True,qwen_1.5b_llm,qwen_1.5b_llm
