item_id,question_id,topic,question,candidate_answer,score_0_to_1,rater_comments
BM-001,1,Arrays & Hashing,Explain your logic to find the two indices in an array that sum up to a target value.,"Use a hash table to store number-to-index mappings. For each x in the array, check if target - x is already in the map. If found, return both indices; otherwise insert x. Runs in O(N) time and O(N) space.",0.95,Correct hash-map complement lookup with stated O(N) time and O(N) space.
BM-002,1,Arrays & Hashing,Explain your logic to find the two indices in an array that sum up to a target value.,"We begin by initializing an empty associative array or hash map that will keep track of all elements we have inspected so far along with their corresponding 0-indexed positions. We then iterate through the input list from left to right. At each iteration, we calculate the required complement by subtracting the current value from the target sum. We perform a constant-time lookup in our hash map. If the complement is present, we immediately output a tuple containing the stored index and our current index. If it is not present, we record the current value and its index into the map to be referenced by future elements. This guarantees linear time complexity O(n) while utilizing O(n) auxiliary memory.",0.99,Complete step-by-step solution with correct complement logic and complexity.
BM-003,1,Arrays & Hashing,Explain your logic to find the two indices in an array that sum up to a target value.,"Run two nested loops from i = 0 to n and j = i + 1 to n. Check if arr[i] + arr[j] equals the target. If so, return i and j. This requires O(1) extra space but has O(N^2) quadratic time complexity.",0.74,"Correct brute-force approach, but O(N^2) time is suboptimal versus the hash-map solution."
BM-004,1,Arrays & Hashing,Explain your logic to find the two indices in an array that sum up to a target value.,You can use a hash map to look up numbers quickly while iterating through the array.,0.58,"Correct core idea, but it does not explain complement lookup, insertion, or complexity."
BM-005,1,Arrays & Hashing,Explain your logic to find the two indices in an array that sum up to a target value.,"To solve two sum efficiently, we must first sort the array using quicksort in O(n log n) time. Then we compute the mathematical average of all numbers, subtract the mean from the target, and perform binary search on the lower half of the array. This finds the exact matching pair in O(log n) additional time.",0.08,Incorrect method; averaging and binary-searching a sorted array does not solve Two Sum as stated.
BM-006,1,Arrays & Hashing,Explain your logic to find the two indices in an array that sum up to a target value.,Hash map array indices complement lookup dictionary key value O(N) linear time insertion collision resolution target difference.,0.34,"Relevant keywords are present, but the response lacks coherent procedural explanation; subject to the jargon cap."
BM-007,1,Arrays & Hashing,Explain your logic to find the two indices in an array that sum up to a target value.,We can find the two sum in O(1) time without extra memory by simply calculating target modulo 2 and indexing directly into the array.,0.03,Incorrect claim of O(1) time and no-memory direct indexing.
BM-008,1,Arrays & Hashing,Explain your logic to find the two indices in an array that sum up to a target value.,"Use a hash map to store visited numbers for O(1) lookups, but hash maps do not allow lookups and you have to search the entire array linearly every single time.",0.16,Contradicts the correct hash-map idea by incorrectly claiming hash maps require linear search.
BM-009,3,Linked Lists,Describe the approach to reverse a singly linked list in-place.,"Initialize prev to NULL and curr to head. Loop while curr is not NULL: cache curr->next in next_temp, redirect curr->next to prev, move prev to curr, and advance curr to next_temp. Return prev as the new head.",0.98,Correct in-place pointer reversal with the necessary temporary next pointer and head update.
BM-010,3,Linked Lists,Describe the approach to reverse a singly linked list in-place.,"Reversing a singly linked list in-place requires redirecting every node's next pointer toward its predecessor without allocating auxiliary heap memory. We initialize three pointer variables: prev initialized to NULL, curr initialized to the list head, and a temporary pointer next_node. In a while loop that executes as long as curr is not NULL, we first preserve the remainder of the list by assigning next_node = curr->next. We then redirect curr->next to prev, effectively reversing the link. Next, we advance prev to curr, and curr to next_node. Upon loop termination, curr is NULL and prev points to the original tail, which is now the new head of the reversed list. Space complexity is O(1) and time complexity is O(N).",1.00,Complete and accurate pointer-by-pointer reversal with O(N) time and O(1) space.
BM-011,3,Linked Lists,Describe the approach to reverse a singly linked list in-place.,We walk along the linked list and point each node backwards toward the previous node until reaching the end.,0.57,"Correct high-level idea, but it omits the actual pointer-update sequence and complexity."
BM-012,3,Linked Lists,Describe the approach to reverse a singly linked list in-place.,"We swap the first and last elements using array indexing list[0] and list[n-1], then increment and decrement inward.",0.05,Incorrectly treats the linked list as an array and does not reverse links.
BM-013,3,Linked Lists,Describe the approach to reverse a singly linked list in-place.,"To reverse a singly linked list in-place, we allocate a secondary doubly linked list with forward and backward pointers. We push each node from the original list into a stack, allocate fresh memory for N new nodes, and pop from the stack to construct the reversed list in O(N) additional memory.",0.10,Violates the in-place requirement and uses O(N) extra memory plus new nodes.
BM-014,3,Linked Lists,Describe the approach to reverse a singly linked list in-place.,Three pointers prev curr next pointer redirection in-place O(1) space auxiliary head update reverse singly linked list null termination.,0.38,Contains the right concepts but is keyword-only and lacks a coherent step-by-step explanation.
BM-015,3,Linked Lists,Describe the approach to reverse a singly linked list in-place.,You can reverse a singly linked list by simply following the backward pointers from each node's prev property.,0.05,A singly linked list has no required backward/prev pointers.
BM-016,3,Linked Lists,Describe the approach to reverse a singly linked list in-place.,"Set previous to null and pointer current to head. While current exists, hold current's following node, point current's forward link to previous, shift previous forward, and shift current forward. When finished, previous is the start.",0.88,Correct pointer-update sequence and final-head logic; only minor omission of explicit complexity.
BM-017,10,Trees & BFS,Explain the BFS (Level Order) traversal logic for a binary tree.,"Breadth-first search traverses level by level using a FIFO queue. Push the root to the queue. While queue is non-empty, pop the front node, record its value, and push its non-null left and right children into the queue.",0.97,Correct FIFO queue traversal and child-enqueue logic for level order BFS.
BM-018,10,Trees & BFS,Explain the BFS (Level Order) traversal logic for a binary tree.,"Level order traversal explores a tree hierarchy breadth-first, visiting all nodes at depth d before proceeding to depth d+1. This is implemented using a First-In-First-Out (FIFO) queue data structure. If the root is null, we return immediately. Otherwise, we enqueue the root node. In a while loop running while the queue is not empty, we determine the number of nodes in the current level. For each node in that level, we dequeue it, append its value to our level results, and enqueue its left child if non-null, followed by its right child if non-null. The FIFO property ensures shallower nodes are dequeued before deeper nodes, running in O(N) time and O(W) auxiliary space where W is max tree width.",1.00,Complete level-by-level BFS explanation with correct complexity and handling of null root.
BM-019,10,Trees & BFS,Explain the BFS (Level Order) traversal logic for a binary tree.,Level order traversal uses a queue to visit the nodes level by level starting from the root.,0.78,"Correct core queue-based level-order approach, but lacks mechanics and complexity details."
BM-020,10,Trees & BFS,Explain the BFS (Level Order) traversal logic for a binary tree.,BFS uses a recursive function that dives down the left subtree to the deepest leaf before backtracking.,0.05,"Describes depth-first recursive traversal, not breadth-first level order."
BM-021,10,Trees & BFS,Explain the BFS (Level Order) traversal logic for a binary tree.,"Breadth-first search on a binary tree is performed using a LIFO stack. We push the root node, then pop it and push its right child followed by its left child, recursively drilling down the leftmost path until a leaf is reached, then popping back up.",0.04,Uses a LIFO stack and describes DFS behavior rather than BFS.
BM-022,10,Trees & BFS,Explain the BFS (Level Order) traversal logic for a binary tree.,FIFO queue level order traversal breadth first search root enqueue dequeue left child right child depth width tree traversal.,0.36,"Correct keywords and queue concept, but the response is too fragmentary to demonstrate full reasoning."
BM-023,10,Trees & BFS,Explain the BFS (Level Order) traversal logic for a binary tree.,BFS can be performed using simple recursion without any queue data structure because function call stacks are FIFO.,0.06,Incorrectly claims function call stacks are FIFO and that recursion alone gives BFS.
BM-024,10,Trees & BFS,Explain the BFS (Level Order) traversal logic for a binary tree.,"BFS uses a FIFO queue to visit nodes level by level, but instead of visiting children next, it visits the parent nodes of the root recursively.",0.12,"Although it mentions a FIFO queue, visiting root parents recursively is not a valid binary-tree BFS procedure."
BM-025,41,C Pointers & Memory,What is a pointer in C and how do you declare one?,"A pointer in C is a variable that stores the memory address of another variable. It is declared with the base type followed by an asterisk, like int *ptr;.",0.96,Accurate definition and declaration syntax for a C pointer.
BM-026,41,C Pointers & Memory,What is a pointer in C and how do you declare one?,"In C, a pointer is a distinct variable type whose value represents the memory address of another variable, array, or allocated memory block. Pointers provide direct memory access, enabling dynamic memory allocation, pass-by-reference semantics in functions, and efficient data structure manipulation. To declare a pointer, you specify the data type of the value being pointed to, followed by an asterisk dereference symbol and the pointer variable name, such as int *ptr; or char *str;. The address-of operator & is used to assign an address to the pointer (&variable), and the asterisk * is used as the dereference operator to read or write the value at that address (*ptr).",1.00,"Complete explanation of pointer semantics, declaration, address-of, dereference, and examples."
BM-027,41,C Pointers & Memory,What is a pointer in C and how do you declare one?,A pointer holds an address in memory. You declare it using an asterisk.,0.70,"Correct definition, but the declaration explanation is minimal and does not give concrete syntax."
BM-028,41,C Pointers & Memory,What is a pointer in C and how do you declare one?,A pointer is an integer variable that holds the total size of your program's executable code.,0.03,Incorrect definition of a pointer.
BM-029,41,C Pointers & Memory,What is a pointer in C and how do you declare one?,A pointer in C is a special function that points to other functions in the operating system. You declare one by writing pointer function_name() and compiling with the -O3 flag to link memory tables.,0.02,Incorrectly describes pointers as special functions and gives invalid declaration/linking claims.
BM-030,41,C Pointers & Memory,What is a pointer in C and how do you declare one?,Memory address pointer declaration asterisk int *p dereference operator address-of ampersand heap stack byte allocation.,0.35,"Relevant pointer terminology is present, but it is largely a keyword list without coherent explanation."
BM-031,41,C Pointers & Memory,What is a pointer in C and how do you declare one?,Declaring int *p allocates heap memory automatically for an integer without needing malloc or an existing variable address.,0.07,Incorrect: declaring int *p does not allocate heap storage for an integer.
BM-032,41,C Pointers & Memory,What is a pointer in C and how do you declare one?,"Pointers hold memory locations of objects rather than direct values. In C, writing int *p creates a pointer capable of holding an integer address.",0.90,Correct definition and valid int *p declaration; concise but sufficient.
BM-033,7,Dynamic Programming,How do you determine the number of distinct ways to climb n stairs if you can take 1 or 2 steps?,"This is the Fibonacci sequence. The number of ways to reach step n is dp[n] = dp[n-1] + dp[n-2], with base cases dp[1] = 1 and dp[2] = 2. We can compute this iteratively in O(N) time and O(1) space using two variables.",0.99,"Correct recurrence, base cases, O(N) time, and O(1) space implementation idea."
BM-034,7,Dynamic Programming,How do you determine the number of distinct ways to climb n stairs if you can take 1 or 2 steps?,"The climbing stairs problem models optimal substructure and overlapping subproblems. To reach step n, you can arrive either from step n-1 by taking a 1-step or from step n-2 by taking a 2-step. Therefore, total distinct ways satisfies the recurrence relation ways(n) = ways(n-1) + ways(n-2). The base cases are ways(1) = 1 (only one 1-step) and ways(2) = 2 (1+1 or 2). A naive recursive solution exhibits O(2^N) exponential time due to recomputing identical states. By applying bottom-up tabulation or dynamic programming, we compute ways from 3 to n iteratively in O(N) time. Furthermore, since we only need the prior two states, we optimize auxiliary memory to O(1) by maintaining two scalar variables.",1.00,"Complete explanation including recurrence, base cases, naive complexity, and optimized DP complexity."
BM-035,7,Dynamic Programming,How do you determine the number of distinct ways to climb n stairs if you can take 1 or 2 steps?,Use simple recursion: ways(n) = ways(n-1) + ways(n-2) with base cases 1 and 2. This is correct in logic but takes exponential O(2^n) time without memoization.,0.74,"Correct recurrence and base cases, but the plain recursive solution is exponential without memoization."
BM-036,7,Dynamic Programming,How do you determine the number of distinct ways to climb n stairs if you can take 1 or 2 steps?,You can use dynamic programming because the number of ways to get to step n depends on the two previous steps.,0.58,"Correct DP direction, but it does not state the recurrence, base cases, or implementation details."
BM-037,7,Dynamic Programming,How do you determine the number of distinct ways to climb n stairs if you can take 1 or 2 steps?,"To solve climbing stairs, generate a complete binary tree of all step paths, convert the tree to an adjacency matrix, and run Dijkstra's shortest path algorithm with weights equal to 1 or 2 to find the total paths in O(V^2) time.",0.06,Unnecessary and incorrect use of Dijkstra/adjacency matrices for counting stair-climbing ways.
BM-038,7,Dynamic Programming,How do you determine the number of distinct ways to climb n stairs if you can take 1 or 2 steps?,Dynamic programming recurrence relation dp[n-1] + dp[n-2] base cases memoization bottom up tabulation Fibonacci O(N) time O(1) space.,0.39,"Correct concepts are listed, but the answer is keyword-like and lacks a coherent explanation; capped at 0.40."
BM-039,7,Dynamic Programming,How do you determine the number of distinct ways to climb n stairs if you can take 1 or 2 steps?,"Because you can take 1 or 2 steps, the total number of ways to climb n stairs is always n factorial divided by 2.",0.02,"Incorrect formula; the number of ways follows a Fibonacci-style recurrence, not n!/2."
BM-040,7,Dynamic Programming,How do you determine the number of distinct ways to climb n stairs if you can take 1 or 2 steps?,"The recurrence is dp[n] = dp[n-1] + dp[n-2], but to compute it you must multiply dp[n-1] by dp[n-2] and divide by the step size.",0.20,States the correct recurrence but then adds an incorrect multiplication/division computation rule.
BM-041,15,Graphs & DFS,Explain how Depth First Search (DFS) detects a cycle in a directed graph.,"In a directed graph, DFS detects cycles by maintaining a recursion stack state. Nodes are marked: unvisited, currently visiting (in stack), or visited. If DFS encounters a neighbor marked as currently visiting, a back-edge exists, indicating a cycle.",0.96,Correct recursion-stack/back-edge criterion for directed-cycle detection.
BM-042,15,Graphs & DFS,Explain how Depth First Search (DFS) detects a cycle in a directed graph.,"Cycle detection in directed graphs requires distinguishing back-edges from cross-edges or forward-edges. We implement DFS using a three-state coloring scheme: White (unvisited), Gray (currently visiting in the active recursion call stack), and Black (fully processed and exited). We iterate through all vertices to handle disconnected components. When exploring a vertex v, we mark it Gray. For each directed neighbor u of v, if u is Gray, we have found an edge pointing back to an ancestor in the active recursion stack, which conclusively proves a cycle exists. If u is White, we recursively explore it. After inspecting all outgoing edges from v, we mark v Black. Time complexity is O(V + E) and space complexity is O(V) for the recursion stack and state array.",1.00,"Complete three-color DFS explanation, disconnected-graph handling, and O(V+E) complexity."
BM-043,15,Graphs & DFS,Explain how Depth First Search (DFS) detects a cycle in a directed graph.,"We run DFS and keep track of visited nodes. If we visit a node that was already visited, there might be a cycle.",0.36,"Shows some awareness of visited-state tracking, but “already visited” alone is insufficient for directed graphs."
BM-044,15,Graphs & DFS,Explain how Depth First Search (DFS) detects a cycle in a directed graph.,"Count the total number of edges in the graph. If E > V, the directed graph is guaranteed to have a cycle regardless of edge directions.",0.05,Incorrect criterion; E > V does not guarantee a directed cycle.
BM-045,15,Graphs & DFS,Explain how Depth First Search (DFS) detects a cycle in a directed graph.,"To detect cycles in a directed graph, compute the topological sort using BFS Kahn's algorithm, but instead of tracking in-degrees, compute all shortest paths with Floyd-Warshall and check if any diagonal element is positive.",0.04,Does not give valid DFS cycle detection and misuses Kahn/Floyd-Warshall concepts.
BM-046,15,Graphs & DFS,Explain how Depth First Search (DFS) detects a cycle in a directed graph.,DFS directed graph cycle detection recursion stack three colors white gray black back-edge visiting visited O(V+E) time.,0.39,"Correct cycle-detection keywords, but presented as a fragment rather than a coherent explanation."
BM-047,15,Graphs & DFS,Explain how Depth First Search (DFS) detects a cycle in a directed graph.,"In a directed graph, encountering any previously visited node always indicates a cycle, exactly like in undirected graphs.",0.08,Incorrect: a previously visited vertex need not indicate a directed cycle; the active recursion stack matters.
BM-048,15,Graphs & DFS,Explain how Depth First Search (DFS) detects a cycle in a directed graph.,"Cycle detection in directed networks tracks vertices on the current path. When DFS reaches a vertex that is already an active ancestor on the current search path, a cycle is confirmed.",0.91,Correctly identifies an active ancestor/current-path vertex as the cycle condition; concise but sound.
BM-049,22,Binary Search,Explain the binary search algorithm and its preconditions.,"Binary search requires the input array to be sorted. It maintains low and high pointers, computes mid = low + (high - low)/2, compares array[mid] to the target, and halves the search space until found or exhausted in O(log N) time.",0.98,"Correct binary-search precondition, boundaries, midpoint, narrowing logic, and O(log N) time."
BM-050,22,Binary Search,Explain the binary search algorithm and its preconditions.,"Binary search is a divide-and-conquer search algorithm with a strict precondition: the underlying elements must be sorted in monotonic order (or possess a monotonic predicate). We define search boundaries low = 0 and high = n - 1. In each iteration of a while loop (low <= high), we compute mid = low + (high - low) / 2 to prevent 32-bit integer overflow. If array[mid] == target, we return the index. If array[mid] < target, the target must lie in the right half, so we update low = mid + 1. If array[mid] > target, the target must lie in the left half, so we update high = mid - 1. Because each step discards half the remaining candidate elements, time complexity is O(log n) and space complexity is O(1).",1.00,"Complete and precise binary-search algorithm, preconditions, overflow-safe midpoint, and complexities."
BM-051,22,Binary Search,Explain the binary search algorithm and its preconditions.,Binary search splits the array in half each time to find a target value in O(log N) time.,0.71,"Correct high-level description and complexity, but omits the sorted precondition and update mechanics."
BM-052,22,Binary Search,Explain the binary search algorithm and its preconditions.,"Binary search starts at index 0 and inspects every second element (0, 2, 4, ...) until finding the target.",0.08,Incorrectly checks every second element; this is not binary search.
BM-053,22,Binary Search,Explain the binary search algorithm and its preconditions.,"Binary search can operate on completely random unsorted data by first calculating the hash code of every element, inserting them into a binary search tree in O(N^2) time, and performing in-order traversal to locate the element.",0.10,Incorrect claim that binary search works on unsorted data; proposed preprocessing also does not solve the stated requirement.
BM-054,22,Binary Search,Explain the binary search algorithm and its preconditions.,Binary search sorted array monotonic precondition divide and conquer low high mid halving O(log N) logarithmic time integer overflow.,0.39,"Correct concepts are present, but the response is keyword-heavy rather than explanatory; capped at 0.40."
BM-055,22,Binary Search,Explain the binary search algorithm and its preconditions.,Binary search works on any array regardless of order because it automatically reorders the elements during the search.,0.02,Incorrect claim that binary search automatically reorders arbitrary input.
BM-056,22,Binary Search,Explain the binary search algorithm and its preconditions.,"Binary search halves the search space in O(log N) time, but it only works if the array is completely unordered and unsorted.",0.06,"Correctly mentions halving and O(log N), but gives the opposite of the required sorted-input precondition."
BM-057,50,OS & Concurrency,What is a race condition in multithreading and how do you prevent it?,"A race condition occurs when two or more threads concurrently access shared data without synchronization and at least one modifies it, leading to unpredictable outcomes. It is prevented using mutex locks, semaphores, or atomic operations.",0.99,Accurate definition involving unsynchronized shared access with writes and valid prevention mechanisms.
BM-058,50,OS & Concurrency,What is a race condition in multithreading and how do you prevent it?,"A race condition is a concurrency bug that arises when two or more threads execute concurrently, access shared mutable state simultaneously, and at least one thread performs a write operation. Because thread scheduling is non-deterministic and managed by the operating system kernel, the final program state depends on the exact interleaving of instruction execution. This leads to subtle, intermittent bugs like lost updates, dirty reads, or data corruption. Race conditions are prevented by enforcing mutual exclusion around critical sections. Primary mechanisms include mutex locks (pthread_mutex), read-write locks, semaphores, and atomic hardware primitives (e.g. compare-and-swap).",1.00,Complete and technically accurate race-condition explanation with examples and multiple synchronization mechanisms.
BM-059,50,OS & Concurrency,What is a race condition in multithreading and how do you prevent it?,A race condition happens when threads run at the same time and overwrite each other. You fix it with locks.,0.68,"Core idea and lock-based prevention are correct, but the explanation is oversimplified."
BM-060,50,OS & Concurrency,What is a race condition in multithreading and how do you prevent it?,"A race condition is when your computer's CPU clock runs faster than your RAM bus speed, causing memory drops.",0.02,Incorrect definition unrelated to multithreading race conditions.
BM-061,50,OS & Concurrency,What is a race condition in multithreading and how do you prevent it?,"A race condition occurs when threads compete for bandwidth across network interfaces. To prevent it, increase the thread priority to real-time and disable interrupt handling in user space so threads run sequentially without OS interference.",0.04,Incorrectly frames race conditions as network bandwidth contention; proposed prevention is also invalid.
BM-062,50,OS & Concurrency,What is a race condition in multithreading and how do you prevent it?,Race condition multithreading shared mutable state concurrent write critical section mutual exclusion mutex lock semaphore atomic operations.,0.40,"Relevant concepts are all present, but this is a keyword-only fragment and hits the rubric cap."
BM-063,50,OS & Concurrency,What is a race condition in multithreading and how do you prevent it?,Declaring a shared variable as volatile in C/C++ completely eliminates race conditions and makes all operations atomic.,0.03,Incorrect: volatile does not make operations atomic or eliminate data races.
BM-064,50,OS & Concurrency,What is a race condition in multithreading and how do you prevent it?,"When multiple threads concurrently manipulate shared memory with unsynchronized writes, the resulting values depend on execution timing. Mutexes and atomic primitives ensure exclusive access, preventing the race.",0.97,Correct description of timing-dependent unsynchronized shared writes and valid mutex/atomic prevention.
