run_id,item_id,condition_id,score,grounding_ratio,gap_coverage,actionability_count,runtime_seconds,generated_feedback
EXP3_qwen7b_pilot_01_qid1,pilot_01_qid1,qwen_7b_grounded_feedback,0.95,0.1667,1.0,5,7.19,"### Feedback Points:
1. **Edge Cases**: While your approach is efficient, it doesn't cover all edge cases, such as when there are duplicate elements or when the array is empty.
2. **Error Handling**: There's no mention of how to handle scenarios where the complement is found but the indices should not be the same (e.g., the same element being used twice).

### Actionable Steps to Improve:
1. **Add Edge Case Handling**:
   - **"
EXP3_qwen7b_pilot_02_qid1,pilot_02_qid1,qwen_7b_grounded_feedback,0.4,0.1579,1.0,4,7.23,"### Feedback Points:
1. **Missing Concept: Hash Map for Storing Values**
   - The candidate's approach uses a brute-force method with a time complexity of \(O(n^2)\). A more efficient solution involves using a hash map to store values as you iterate through the array, which can reduce the time complexity to \(O(n)\).

2. **Missing Concept: Complement Calculation (Target - Current)**
   - The candidate did not mention calculating the complement"
EXP3_qwen7b_pilot_03_qid1,pilot_03_qid1,qwen_7b_grounded_feedback,0.65,0.08,1.0,4,7.25,"### Feedback Points:
1. **Hash Map for Storing Values**: The candidate missed mentioning the use of a hash map to store values and their corresponding indices, which allows for a more efficient solution with a time complexity of O(n).
2. **Complement Calculation**: The candidate did not mention calculating the complement (i.e., `target - current`), which is crucial for determining if the complement exists in the array.

### Actionable Steps to Improve:
1. **In"
EXP3_qwen7b_pilot_04_qid1,pilot_04_qid1,qwen_7b_grounded_feedback,0.35,0.3333,0.5,2,7.45,"### Feedback Points:
1. **Binary Search Requirement**: Your approach assumes the array is sorted, which is not necessary for this problem. Binary search can only be applied if the array is sorted, but the problem does not specify that the input array is sorted.
2. **Hash Map for Efficient Lookup**: Using a hash map allows for constant time lookups, making the solution more efficient. Your current approach has a time complexity of \(O(n \log n)\) due to"
EXP3_qwen7b_pilot_05_qid1,pilot_05_qid1,qwen_7b_grounded_feedback,0.8,0.0,1.0,4,7.32,"### Feedback Points:
1. **Single Pass Iteration Optimization**: The candidate's solution uses two passes through the array, which is not the most efficient approach. A single pass can achieve the same result with better time complexity.
2. **Handling Edge Cases**: While the candidate mentioned handling the self-match edge case, it's important to ensure all edge cases are covered, such as when there are duplicate elements or when no valid pair exists.

### Actionable Steps to Improve:
1"
EXP3_qwen7b_pilot_06_qid3,pilot_06_qid3,qwen_7b_grounded_feedback,0.95,0.1111,1.0,5,7.64,"### Feedback Points:
1. **Explanation of Pointer Manipulations**: While the candidate provided the correct sequence of operations, there was no explanation of why each step is necessary or how it contributes to reversing the linked list.
2. **Edge Cases**: The candidate did not mention any edge cases that might need handling, such as when the list is empty or contains only one node.

### Actionable Steps to Improve:
1. **Explain Each Step**:
   - **Step"
EXP3_qwen7b_pilot_07_qid3,pilot_07_qid3,qwen_7b_grounded_feedback,0.15,0.2857,0.5,3,7.34,"### Feedback Points:
1. **Initialization of `prev` Pointer**: The candidate's answer is missing the initialization of the `prev` pointer to `NULL`. This is crucial for correctly reversing the links in the list.
2. **Temporary Storage for Next Node**: The candidate did not mention using a temporary variable to store the next node before updating the current node's `next` pointer.

### Actionable Steps to Improve:
1. **Initialize the `prev` Pointer**:"
EXP3_qwen7b_pilot_08_qid3,pilot_08_qid3,qwen_7b_grounded_feedback,0.7,0.0909,0.5,2,7.51,"### Feedback Points:
1. **Iterative Approach Missing**: The candidate's answer describes a recursive approach instead of the iterative method requested in the question. The iterative method uses three pointers (`prev`, `curr`, and `next`) to reverse the links between nodes.
2. **Pointer Manipulation Details Skipped**: The candidate did not provide details on how to manipulate the pointers correctly during the iteration, which is crucial for reversing the linked list.

### Actionable Steps to Improve:"
EXP3_qwen7b_pilot_09_qid3,pilot_09_qid3,qwen_7b_grounded_feedback,0.55,0.2143,0.5,2,7.58,"### Feedback Points:
1. **In-Place Iterative Reversal**: The candidate's approach uses a stack, which introduces O(n) auxiliary space. However, the question specifically asks for an iterative approach that reverses the linked list in place with O(1) additional space.
2. **Pointer Manipulations**: The candidate did not provide details on how to manipulate the pointers during the iteration, which is crucial for understanding the in-place reversal process.

### Actionable Steps"
EXP3_qwen7b_pilot_10_qid3,pilot_10_qid3,qwen_7b_grounded_feedback,0.3,0.2727,0.5,4,7.73,"### Feedback Points:
1. **Three-Pointer Tracking**: The candidate missed using a third pointer to track the next node in the list. This is crucial for reversing the links without losing the reference to the rest of the list.
2. **Preserving Next Node**: The candidate did not mention saving the next node before updating the current node's `next` pointer, which leads to severing the list.

### Actionable Steps to Improve:
1. **Implement Three-Pointer"
EXP3_qwen7b_pilot_11_qid10,pilot_11_qid10,qwen_7b_grounded_feedback,0.95,0.2727,1.0,5,8.1,"### Feedback Points:
1. **Queue Initialization**: The candidate did not explicitly mention initializing the queue with the root node at the beginning of the explanation.
2. **Edge Case Handling**: The candidate did not address what happens when a node has no children or when the tree is empty.

### Actionable Steps to Improve:
1. **Initialize the Queue**:
   - Add a step to initialize the queue with the root node before starting the loop. For example: ""Initialize the"
EXP3_qwen7b_pilot_12_qid10,pilot_12_qid10,qwen_7b_grounded_feedback,0.2,0.125,1.0,5,8.68,"### Feedback Points:
1. **Queue Data Structure**: The candidate's answer did not mention the use of a queue, which is crucial for BFS traversal. BFS uses a queue to ensure that nodes are processed in a first-in-first-out (FIFO) manner.
2. **Iterative Level Order Traversal**: The answer focused on recursive methods but did not explain the iterative approach, which is more aligned with the use of a queue.

### Actionable Steps to Improve:
1"
EXP3_qwen7b_pilot_13_qid10,pilot_13_qid10,qwen_7b_grounded_feedback,0.25,0.6364,0.5,2,8.54,"### Feedback Points:
1. **Incorrect Data Structure Usage**: You mentioned using a stack for BFS, but BFS actually uses a queue. A stack follows LIFO (Last In, First Out), whereas a queue follows FIFO (First In, First Out).
2. **Misunderstanding Level Order Traversal**: BFS, or level order traversal, involves visiting all nodes at the current level before moving to the next level. This is achieved with a queue, not a stack.

###"
EXP3_qwen7b_pilot_14_qid10,pilot_14_qid10,qwen_7b_grounded_feedback,0.85,0.1333,0.5,5,9.06,"### Feedback Points:
1. **Explicit Level Size Segmentation**: The explanation does not mention explicitly tracking the number of nodes at each level, which is crucial for correctly segmenting levels in a 2D format.
2. **Queue Operations for Level Traversal**: The description lacks detail on how to use the queue to process nodes level by level.

### Actionable Steps to Improve:
1. **Add Explicit Level Size Tracking**:
   - **Explanation**: Mention that you need"
EXP3_qwen7b_pilot_15_qid10,pilot_15_qid10,qwen_7b_grounded_feedback,0.45,0.4,1.0,4,9.71,"### Feedback Points:
1. **Queue Data Structure**: The candidate mentioned using a depth parameter but did not explain the use of a queue, which is crucial for BFS. BFS uses a queue to process nodes level by level.
2. **Standard Iterative BFS Algorithm**: The explanation lacked the core algorithmic steps of BFS, such as initializing the queue and processing nodes in a level-order manner.

### Actionable Steps to Improve:
1. **Explain the Role of the Queue"
EXP3_qwen7b_pilot_16_qid41,pilot_16_qid41,qwen_7b_grounded_feedback,0.95,0.0625,1.0,5,11.13,"### Feedback Points:
1. **Pointer Arithmetic**: Your explanation does not mention pointer arithmetic, which is a crucial aspect of working with pointers in C.
2. **Safety Considerations**: While your answer covers the basic concept, it doesn't touch upon safety considerations when working with pointers, such as null checks and bounds checking.

### Actionable Steps to Improve:
1. **Include Pointer Arithmetic**:
   - Add a brief explanation about how pointers can be incremented or decremented by"
EXP3_qwen7b_pilot_17_qid41,pilot_17_qid41,qwen_7b_grounded_feedback,0.3,0.7143,0.5,3,11.73,"### Feedback Points:
1. **Incorrect Definition**: The candidate incorrectly described a pointer as ""an arrow that points to code."" Pointers in C actually store memory addresses of data, not code.
2. **Dereferencing Method**: The candidate used the `->` operator for dereferencing, which is incorrect. Dereferencing should be done using the unary asterisk (`*`) operator.

### Actionable Steps to Improve:
1. **Correct the Definition**:"
EXP3_qwen7b_pilot_18_qid41,pilot_18_qid41,qwen_7b_grounded_feedback,0.85,0.25,0.5,2,15.66,"### Feedback Points:
1. **Pointer Arithmetic Semantics**: The candidate did not mention that pointers can be used for type-specific arithmetic operations (e.g., `ptr += 1` moves the pointer to the next element of its type). This is an important aspect of pointer usage in C.
2. **Dereferencing Specific Types**: The candidate only mentioned dereferencing with `*ptr`, but did not discuss how the type of the pointer affects the data being dere"
EXP3_qwen7b_pilot_19_qid41,pilot_19_qid41,qwen_7b_grounded_feedback,0.2,0.4,0.5,3,18.55,"### Feedback Points:
1. **Misunderstanding of Pointers**: The candidate incorrectly equated pointers with references in Java, which is not accurate for C. In C, pointers are variables that store memory addresses.
2. **Lack of Explanation on Dereferencing**: The candidate did not mention the explicit unary dereference operator (`*`) or the address-of operator (`&`), both of which are crucial in C.

### Actionable Steps to Improve:
1. **"
EXP3_qwen7b_pilot_20_qid41,pilot_20_qid41,qwen_7b_grounded_feedback,0.9,0.2857,0.5,5,20.15,"### Feedback Points:
1. **Address-of Operator**: The candidate did not mention the `&` operator, which is used to get the memory address of a variable.
2. **Initialization Syntax**: The candidate missed mentioning the proper syntax for initializing a pointer to avoid undefined behavior.

### Actionable Steps to Improve:
1. **Include the Address-of Operator**:
   - Add a sentence explaining that the `&` operator is used to obtain the memory address of a variable."
