seed,timestep,episode,latest_reward,mean_reward_rolling,action_easier_pct,action_same_pct,action_harder_pct
789,256,17,0.4273,0.0195,0.3438,0.3711,0.2852
789,512,34,0.2892,0.0663,0.3457,0.3379,0.3164
789,768,51,0.2759,0.0951,0.3542,0.3477,0.2982
789,1024,68,0.3728,0.0279,0.3398,0.3447,0.3154
789,1280,85,0.283,0.1092,0.3422,0.3398,0.318
789,1536,102,0.2953,0.0382,0.3366,0.347,0.3164
789,1792,119,0.2231,0.0069,0.3359,0.3504,0.3136
789,2048,136,-0.2218,0.0473,0.3369,0.3481,0.3149
789,2304,153,0.3156,0.0777,0.3342,0.3498,0.316
789,2560,170,-0.1992,0.0402,0.3309,0.3523,0.3168
789,2816,187,0.3384,0.0937,0.3331,0.3459,0.321
789,3072,204,0.3153,0.0592,0.3255,0.3457,0.3288
789,3328,221,-0.2493,-0.042,0.3254,0.3465,0.3281
789,3584,238,0.346,0.0868,0.3228,0.3471,0.3301
789,3840,256,0.3015,0.0902,0.3258,0.3432,0.331
789,4096,273,-0.1365,0.0623,0.3284,0.3411,0.3306
789,4352,290,-0.5653,0.1352,0.3238,0.3424,0.3339
789,4608,307,-0.3261,0.0033,0.322,0.3431,0.3349
789,4864,324,-0.5873,0.0569,0.3213,0.3446,0.3341
789,5120,341,0.2321,0.1705,0.3174,0.3473,0.3354
789,5376,358,-0.3425,0.0932,0.3153,0.3501,0.3346
789,5632,375,0.2616,0.0703,0.3114,0.353,0.3356
789,5888,392,0.2957,0.1312,0.3098,0.3543,0.3359
789,6144,409,0.162,0.1293,0.3096,0.3547,0.3358
789,6400,426,0.3845,0.0708,0.3059,0.3578,0.3362
789,6656,443,0.3418,0.1212,0.302,0.3619,0.3361
789,6912,460,0.3537,0.1105,0.2988,0.3657,0.3355
789,7168,477,0.3159,0.0915,0.2952,0.3683,0.3365
789,7424,494,0.317,0.1574,0.2932,0.3691,0.3377
789,7680,512,0.3195,0.118,0.2915,0.3714,0.3371
789,7936,529,0.3144,0.0845,0.2902,0.3731,0.3367
789,8192,546,0.3621,0.1044,0.2867,0.3762,0.337
789,8448,563,-0.2341,0.1146,0.2846,0.3778,0.3376
789,8704,580,0.2728,0.1564,0.2833,0.3786,0.3381
789,8960,597,0.187,0.1153,0.2805,0.3812,0.3383
789,9216,614,-0.6154,0.1327,0.2796,0.3829,0.3375
789,9472,631,0.2442,0.1726,0.2782,0.3849,0.3369
789,9728,648,-0.6078,0.1272,0.2763,0.387,0.3367
789,9984,665,0.1847,0.1534,0.2749,0.3891,0.3359
789,10240,682,0.2419,0.053,0.2733,0.3902,0.3364
789,10496,699,0.3139,0.113,0.2715,0.3931,0.3354
789,10752,716,0.3111,0.14,0.2684,0.3971,0.3344
789,11008,733,0.2977,0.1436,0.2654,0.3998,0.3348
789,11264,750,0.2738,0.1611,0.2626,0.4031,0.3343
789,11520,768,0.2146,0.1011,0.2609,0.4057,0.3334
789,11776,785,0.3729,0.139,0.259,0.408,0.333
789,12032,802,0.2253,0.1722,0.2573,0.4097,0.333
789,12288,819,0.1604,0.1929,0.2559,0.4118,0.3323
789,12544,836,0.2678,0.1768,0.2534,0.4146,0.332
789,12800,853,-0.2799,0.128,0.2513,0.4172,0.3315
789,13056,870,0.1279,0.2197,0.2495,0.4194,0.3311
789,13312,887,0.2022,0.0769,0.2475,0.4229,0.3296
789,13568,904,0.3317,0.1107,0.2467,0.4245,0.3289
789,13824,921,0.2695,0.1312,0.2449,0.4265,0.3286
789,14080,938,0.2777,0.1428,0.2434,0.4281,0.3286
789,14336,955,0.2667,0.1492,0.2419,0.4297,0.3284
789,14592,972,0.2336,0.1239,0.2399,0.4331,0.327
789,14848,989,0.2943,0.1598,0.2381,0.4352,0.3266
789,15104,1006,0.1863,0.1476,0.2364,0.438,0.3256
789,15360,1024,0.285,0.2409,0.2346,0.4405,0.3249
789,15616,1041,0.3,0.2293,0.2329,0.4433,0.3238
789,15872,1058,0.3598,0.1914,0.2313,0.4452,0.3235
789,16128,1075,0.2545,0.1803,0.2301,0.4467,0.3232
789,16384,1092,-0.2697,0.2002,0.2285,0.4495,0.322
789,16640,1109,0.274,0.1489,0.2272,0.4519,0.321
789,16896,1126,0.2025,0.2282,0.2253,0.455,0.3197
789,17152,1143,0.2202,0.1807,0.2237,0.457,0.3193
789,17408,1160,0.2378,0.2075,0.2219,0.4599,0.3182
789,17664,1177,0.2659,0.1749,0.2202,0.4628,0.317
789,17920,1194,0.2635,0.2095,0.2191,0.4647,0.3161
789,18176,1211,0.3164,0.1715,0.218,0.467,0.315
789,18432,1228,0.2879,0.1185,0.2167,0.4691,0.3142
789,18688,1245,0.2909,0.1211,0.2157,0.4713,0.313
789,18944,1262,0.2913,0.1967,0.2146,0.4733,0.3121
789,19200,1280,0.273,0.1903,0.2134,0.4751,0.3115
789,19456,1297,0.2896,0.1977,0.2122,0.4775,0.3103
789,19712,1314,0.2862,0.2186,0.2111,0.4796,0.3093
789,19968,1331,0.2087,0.1721,0.2101,0.4814,0.3084
789,20224,1348,0.1961,0.2325,0.2088,0.4839,0.3073
789,20480,1365,0.2028,0.1986,0.2076,0.4864,0.306
789,20736,1382,0.2055,0.2234,0.2064,0.4886,0.305
789,20992,1399,0.1899,0.202,0.2053,0.4902,0.3045
789,21248,1416,-0.549,0.1779,0.2042,0.4924,0.3034
789,21504,1433,0.2609,0.1898,0.203,0.4948,0.3022
789,21760,1450,0.2625,0.1658,0.2017,0.4965,0.3018
789,22016,1467,0.2747,0.1806,0.2008,0.4987,0.3006
789,22272,1484,0.1744,0.2057,0.1995,0.5006,0.2998
789,22528,1501,0.2662,0.1952,0.1986,0.5028,0.2987
789,22784,1518,0.1795,0.1935,0.1979,0.5046,0.2975
789,23040,1536,0.2457,0.1789,0.1971,0.5063,0.2965
789,23296,1553,0.3429,0.1887,0.1962,0.5082,0.2956
789,23552,1570,-0.479,0.1503,0.1954,0.5097,0.2949
789,23808,1587,0.1374,0.2153,0.1942,0.5121,0.2938
789,24064,1604,0.2887,0.1502,0.1931,0.5139,0.293
789,24320,1621,0.2633,0.1632,0.1926,0.5149,0.2925
789,24576,1638,0.2526,0.2008,0.1917,0.5168,0.2915
